Date,HomeTeam,AwayTeam,FTHG,FTAG,FTR
2021-08-13,Brentford,Arsenal,2,0,H
2021-08-14,Manchester United,Leeds,5,1,H
2021-08-14,Burnley,Brighton and Hove Albion,1,2,A
2021-08-14,Chelsea,Crystal Palace,3,0,H
2021-08-14,Everton,Southampton,3,1,H
2021-08-14,Leicester,Wolverhampton Wanderers,1,0,H
2021-08-14,Watford,Aston Villa,3,2,H
2021-08-14,Norwich,Liverpool,0,3,A
2021-08-15,Newcastle,West Ham United,2,4,A
2021-08-15,Tottenham Hotspur,Manchester City,1,0,H
2021-08-21,Brighton and Hove Albion,Watford,2,0,H
2021-08-21,Manchester City,Norwich,5,0,H
2021-08-21,Leeds,Everton,2,2,D
2021-08-21,Aston Villa,Newcastle,2,0,H
2021-08-21,Liverpool,Burnley,2,0,H
2021-08-21,Crystal Palace,Brentford,0,0,D
2021-08-22,Southampton,Manchester United,1,1,D
2021-08-22,Wolverhampton Wanderers,Tottenham Hotspur,0,1,A
2021-08-22,Arsenal,Chelsea,0,2,A
2021-08-23,West Ham United,Leicester,4,1,H
2021-08-28,West Ham United,Crystal Palace,2,2,D
2021-08-28,Liverpool,Chelsea,1,1,D
2021-08-28,Norwich,Leicester,1,2,A
2021-08-28,Aston Villa,Brentford,1,1,D
2021-08-28,Brighton and Hove Albion,Everton,0,2,A
2021-08-28,Manchester City,Arsenal,5,0,H
2021-08-28,Newcastle,Southampton,2,2,D
2021-08-29,Burnley,Leeds,1,1,D
2021-08-29,Tottenham Hotspur,Watford,1,0,H
2021-08-29,Wolverhampton Wanderers,Manchester United,0,1,A
2021-09-11,Chelsea,Aston Villa,3,0,H
2021-09-11,Watford,Wolverhampton Wanderers,0,2,A
2021-09-11,Southampton,West Ham United,0,0,D
2021-09-11,Manchester United,Newcastle,4,1,H
2021-09-11,Leicester,Manchester City,0,1,A
2021-09-11,Arsenal,Norwich,1,0,H
2021-09-11,Crystal Palace,Tottenham Hotspur,3,0,H
2021-09-11,Brentford,Brighton and Hove Albion,0,1,A
2021-09-12,Leeds,Liverpool,0,3,A
2021-09-13,Everton,Burnley,3,1,H
2021-09-17,Newcastle,Leeds,1,1,D
2021-09-18,Norwich,Watford,1,3,A
2021-09-18,Manchester City,Southampton,0,0,D
2021-09-18,Aston Villa,Everton,3,0,H
2021-09-18,Burnley,Arsenal,0,1,A
2021-09-18,Liverpool,Crystal Palace,3,0,H
2021-09-18,Wolverhampton Wanderers,Brentford,0,2,A
2021-09-19,Brighton and Hove Albion,Leicester,2,1,H
2021-09-19,West Ham United,Manchester United,1,2,A
2021-09-19,Tottenham Hotspur,Chelsea,0,3,A
2021-09-25,Brentford,Liverpool,3,3,D
2021-09-25,Leicester,Burnley,2,2,D
2021-09-25,Leeds,West Ham United,1,2,A
2021-09-25,Watford,Newcastle,1,1,D
2021-09-25,Manchester United,Aston Villa,0,1,A
2021-09-25,Chelsea,Manchester City,0,1,A
2021-09-25,Everton,Norwich,2,0,H
2021-09-26,Southampton,Wolverhampton Wanderers,0,1,A
2021-09-26,Arsenal,Tottenham Hotspur,3,1,H
2021-09-27,Crystal Palace,Brighton and Hove Albion,1,1,D
2021-10-02,Brighton and Hove Albion,Arsenal,0,0,D
2021-10-02,Manchester United,Everton,1,1,D
2021-10-02,Burnley,Norwich,0,0,D
2021-10-02,Chelsea,Southampton,3,1,H
2021-10-02,Leeds,Watford,1,0,H
2021-10-02,Wolverhampton Wanderers,Newcastle,2,1,H
2021-10-03,Liverpool,Manchester City,2,2,D
2021-10-03,West Ham United,Brentford,1,2,A
2021-10-03,Crystal Palace,Leicester,2,2,D
2021-10-03,Tottenham Hotspur,Aston Villa,2,1,H
2021-10-16,Watford,Liverpool,0,5,A
2021-10-16,Aston Villa,Wolverhampton Wanderers,2,3,A
2021-10-16,Leicester,Manchester United,4,2,H
2021-10-16,Manchester City,Burnley,2,0,H
2021-10-16,Norwich,Brighton and Hove Albion,0,0,D
2021-10-16,Southampton,Leeds,1,0,H
2021-10-16,Brentford,Chelsea,0,1,A
2021-10-17,Everton,West Ham United,0,1,A
2021-10-17,Newcastle,Tottenham Hotspur,2,3,A
2021-10-18,Arsenal,Crystal Palace,2,2,D
2021-10-22,Arsenal,Aston Villa,3,1,H
2021-10-23,Chelsea,Norwich,7,0,H
2021-10-23,Crystal Palace,Newcastle,1,1,D
2021-10-23,Everton,Watford,2,5,A
2021-10-23,Leeds,Wolverhampton Wanderers,1,1,D
2021-10-23,Southampton,Burnley,2,2,D
2021-10-23,Brighton and Hove Albion,Manchester City,1,4,A
2021-10-24,Brentford,Leicester,1,2,A
2021-10-24,West Ham United,Tottenham Hotspur,1,0,H
2021-10-24,Manchester United,Liverpool,0,5,A
2021-10-30,Tottenham Hotspur,Manchester United,0,3,A
2021-10-30,Watford,Southampton,0,1,A
2021-10-30,Newcastle,Chelsea,0,3,A
2021-10-30,Manchester City,Crystal Palace,0,2,A
2021-10-30,Liverpool,Brighton and Hove Albion,2,2,D
2021-10-30,Burnley,Brentford,3,1,H
2021-10-30,Leicester,Arsenal,0,2,A
2021-10-31,Norwich,Leeds,1,2,A
2021-10-31,Aston Villa,West Ham United,1,4,A
2021-11-01,Wolverhampton Wanderers,Everton,2,1,H
2021-11-05,Southampton,Aston Villa,1,0,H
2021-11-06,Brighton and Hove Albion,Newcastle,1,1,D
2021-11-06,Crystal Palace,Wolverhampton Wanderers,2,0,H
2021-11-06,Chelsea,Burnley,1,1,D
2021-11-06,Brentford,Norwich,1,2,A
2021-11-06,Manchester United,Manchester City,0,2,A
2021-11-07,Arsenal,Watford,1,0,H
2021-11-07,Everton,Tottenham Hotspur,0,0,D
2021-11-07,Leeds,Leicester,1,1,D
2021-11-07,West Ham United,Liverpool,3,2,H
2021-11-20,Wolverhampton Wanderers,West Ham United,1,0,H
2021-11-20,Watford,Manchester United,4,1,H
2021-11-20,Norwich,Southampton,2,1,H
2021-11-20,Liverpool,Arsenal,4,0,H
2021-11-20,Burnley,Crystal Palace,3,3,D
2021-11-20,Aston Villa,Brighton and Hove Albion,2,0,H
2021-11-20,Leicester,Chelsea,0,3,A
2021-11-20,Newcastle,Brentford,3,3,D
2021-11-21,Manchester City,Everton,3,0,H
2021-11-21,Tottenham Hotspur,Leeds,2,1,H
2021-11-27,Arsenal,Newcastle,2,0,H
2021-11-27,Crystal Palace,Aston Villa,1,2,A
2021-11-27,Liverpool,Southampton,4,0,H
2021-11-27,Norwich,Wolverhampton Wanderers,0,0,D
2021-11-27,Brighton and Hove Albion,Leeds,0,0,D
2021-11-28,Chelsea,Manchester United,1,1,D
2021-11-28,Manchester City,West Ham United,2,1,H
2021-11-28,Brentford,Everton,1,0,H
2021-11-28,Leicester,Watford,4,2,H
2021-11-30,Newcastle,Norwich,1,1,D
2021-11-30,Leeds,Crystal Palace,1,0,H
2021-12-01,Southampton,Leicester,2,2,D
2021-12-01,Watford,Chelsea,1,2,A
2021-12-01,West Ham United,Brighton and Hove Albion,1,1,D
2021-12-01,Wolverhampton Wanderers,Burnley,0,0,D
2021-12-01,Aston Villa,Manchester City,1,2,A
2021-12-01,Everton,Liverpool,1,4,A
2021-12-02,Tottenham Hotspur,Brentford,2,0,H
2021-12-02,Manchester United,Arsenal,3,2,H
2021-12-04,Watford,Manchester City,1,3,A
2021-12-04,Wolverhampton Wanderers,Liverpool,0,1,A
2021-12-04,Newcastle,Burnley,1,0,H
2021-12-04,Southampton,Brighton and Hove Albion,1,1,D
2021-12-04,West Ham United,Chelsea,3,2,H
2021-12-05,Leeds,Brentford,2,2,D
2021-12-05,Manchester United,Crystal Palace,1,0,H
2021-12-05,Tottenham Hotspur,Norwich,3,0,H
2021-12-05,Aston Villa,Leicester,2,1,H
2021-12-06,Everton,Arsenal,2,1,H
2021-12-10,Brentford,Watford,2,1,H
2021-12-11,Norwich,Manchester United,0,1,A
2021-12-11,Liverpool,Aston Villa,1,0,H
2021-12-11,Chelsea,Leeds,3,2,H
2021-12-11,Arsenal,Southampton,3,0,H
2021-12-11,Manchester City,Wolverhampton Wanderers,1,0,H
2021-12-12,Burnley,West Ham United,0,0,D
2021-12-12,Leicester,Newcastle,4,0,H
2021-12-12,Crystal Palace,Everton,3,1,H
2021-12-14,Norwich,Aston Villa,0,2,A
2021-12-14,Manchester City,Leeds,7,0,H
2021-12-15,Brighton and Hove Albion,Wolverhampton Wanderers,0,1,A
2021-12-15,Crystal Palace,Southampton,2,2,D
2021-12-15,Arsenal,West Ham United,2,0,H
2021-12-16,Liverpool,Newcastle,3,1,H
2021-12-16,Chelsea,Everton,1,1,D
2021-12-18,Leeds,Arsenal,1,4,A
2021-12-19,Newcastle,Manchester City,0,4,A
2021-12-19,Wolverhampton Wanderers,Chelsea,0,0,D
2021-12-19,Tottenham Hotspur,Liverpool,2,2,D
2021-12-26,Manchester City,Leicester,6,3,H
2021-12-26,Norwich,Arsenal,0,5,A
2021-12-26,Tottenham Hotspur,Crystal Palace,3,0,H
2021-12-26,West Ham United,Southampton,2,3,A
2021-12-26,Aston Villa,Chelsea,1,3,A
2021-12-26,Brighton and Hove Albion,Brentford,2,0,H
2021-12-27,Newcastle,Manchester United,1,1,D
2021-12-28,Crystal Palace,Norwich,3,0,H
2021-12-28,Southampton,Tottenham Hotspur,1,1,D
2021-12-28,Watford,West Ham United,1,4,A
2021-12-28,Leicester,Liverpool,1,0,H
2021-12-29,Chelsea,Brighton and Hove Albion,1,1,D
2021-12-29,Brentford,Manchester City,0,1,A
2021-12-30,Manchester United,Burnley,3,1,H
2022-01-01,Arsenal,Manchester City,1,2,A
2022-01-01,Watford,Tottenham Hotspur,0,1,A
2022-01-01,Crystal Palace,West Ham United,2,3,A
2022-01-02,Chelsea,Liverpool,2,2,D
2022-01-02,Leeds,Burnley,3,1,H
2022-01-02,Brentford,Aston Villa,2,1,H
2022-01-02,Everton,Brighton and Hove Albion,2,3,A
2022-01-03,Manchester United,Wolverhampton Wanderers,0,1,A
2022-01-11,Southampton,Brentford,4,1,H
2022-01-12,West Ham United,Norwich,2,0,H
2022-01-14,Brighton and Hove Albion,Crystal Palace,1,1,D
2022-01-15,Manchester City,Chelsea,1,0,H
2022-01-15,Newcastle,Watford,1,1,D
2022-01-15,Norwich,Everton,2,1,H
2022-01-15,Wolverhampton Wanderers,Southampton,3,1,H
2022-01-15,Aston Villa,Manchester United,2,2,D
2022-01-16,West Ham United,Leeds,2,3,A
2022-01-16,Liverpool,Brentford,3,0,H
2022-01-18,Brighton and Hove Albion,Chelsea,1,1,D
2022-01-19,Leicester,Tottenham Hotspur,2,3,A
2022-01-19,Brentford,Manchester United,1,3,A
2022-01-21,Watford,Norwich,0,3,A
2022-01-22,Everton,Aston Villa,0,1,A
2022-01-22,Brentford,Wolverhampton Wanderers,1,2,A
2022-01-22,Leeds,Newcastle,0,1,A
2022-01-22,Manchester United,West Ham United,1,0,H
2022-01-22,Southampton,Manchester City,1,1,D
2022-01-23,Leicester,Brighton and Hove Albion,1,1,D
2022-01-23,Chelsea,Tottenham Hotspur,2,0,H
2022-01-23,Arsenal,Burnley,0,0,D
2022-01-23,Crystal Palace,Liverpool,1,3,A
2022-02-05,Burnley,Watford,0,0,D
2022-02-08,Newcastle,Everton,3,1,H
2022-02-08,West Ham United,Watford,1,0,H
2022-02-08,Burnley,Manchester United,1,1,D
2022-02-09,Manchester City,Brentford,2,0,H
2022-02-09,Norwich,Crystal Palace,1,1,D
2022-02-09,Tottenham Hotspur,Southampton,2,3,A
2022-02-09,Aston Villa,Leeds,3,3,D
2022-02-10,Liverpool,Leicester,2,0,H
2022-02-10,Wolverhampton Wanderers,Arsenal,0,1,A
2022-02-12,Norwich,Manchester City,0,4,A
2022-02-12,Watford,Brighton and Hove Albion,0,2,A
2022-02-12,Manchester United,Southampton,1,1,D
2022-02-12,Brentford,Crystal Palace,0,0,D
2022-02-12,Everton,Leeds,3,0,H
2022-02-13,Burnley,Liverpool,0,1,A
2022-02-13,Newcastle,Aston Villa,1,0,H
2022-02-13,Tottenham Hotspur,Wolverhampton Wanderers,0,2,A
2022-02-13,Leicester,West Ham United,2,2,D
2022-02-15,Manchester United,Brighton and Hove Albion,2,0,H
2022-02-19,Liverpool,Norwich,3,1,H
2022-02-19,Manchester City,Tottenham Hotspur,2,3,A
2022-02-19,Southampton,Everton,2,0,H
2022-02-19,Crystal Palace,Chelsea,0,1,A
2022-02-19,Arsenal,Brentford,2,1,H
2022-02-19,Aston Villa,Watford,0,1,A
2022-02-19,West Ham United,Newcastle,1,1,D
2022-02-19,Brighton and Hove Albion,Burnley,0,3,A
2022-02-20,Leeds,Manchester United,2,4,A
2022-02-20,Wolverhampton Wanderers,Leicester,2,1,H
2022-02-23,Burnley,Tottenham Hotspur,1,0,H
2022-02-23,Watford,Crystal Palace,1,4,A
2022-02-23,Liverpool,Leeds,6,0,H
2022-02-24,Arsenal,Wolverhampton Wanderers,2,1,H
2022-02-25,Southampton,Norwich,2,0,H
2022-02-26,Everton,Manchester City,0,1,A
2022-02-26,Brighton and Hove Albion,Aston Villa,0,2,A
2022-02-26,Manchester United,Watford,0,0,D
2022-02-26,Brentford,Newcastle,0,2,A
2022-02-26,Crystal Palace,Burnley,1,1,D
2022-02-26,Leeds,Tottenham Hotspur,0,4,A
2022-02-27,West Ham United,Wolverhampton Wanderers,1,0,H
2022-03-01,Burnley,Leicester,0,2,A
2022-03-05,Liverpool,West Ham United,1,0,H
2022-03-05,Norwich,Brentford,1,3,A
2022-03-05,Wolverhampton Wanderers,Crystal Palace,0,2,A
2022-03-05,Newcastle,Brighton and Hove Albion,2,1,H
2022-03-05,Aston Villa,Southampton,4,0,H
2022-03-05,Leicester,Leeds,1,0,H
2022-03-05,Burnley,Chelsea,0,4,A
2022-03-06,Watford,Arsenal,2,3,A
2022-03-06,Manchester City,Manchester United,4,1,H
2022-03-07,Tottenham Hotspur,Everton,5,0,H
2022-03-10,Norwich,Chelsea,1,3,A
2022-03-10,Southampton,Newcastle,1,2,A
2022-03-10,Wolverhampton Wanderers,Watford,4,0,H
2022-03-10,Leeds,Aston Villa,0,3,A
2022-03-12,Manchester United,Tottenham Hotspur,3,2,H
2022-03-12,Brighton and Hove Albion,Liverpool,0,2,A
2022-03-12,Brentford,Burnley,2,0,H
2022-03-13,Chelsea,Newcastle,1,0,H
2022-03-13,Everton,Wolverhampton Wanderers,0,1,A
2022-03-13,Leeds,Norwich,2,1,H
2022-03-13,Southampton,Watford,1,2,A
2022-03-13,West Ham United,Aston Villa,2,1,H
2022-03-13,Arsenal,Leicester,2,0,H
2022-03-14,Crystal Palace,Manchester City,0,0,D
2022-03-16,Arsenal,Liverpool,0,2,A
2022-03-16,Brighton and Hove Albion,Tottenham Hotspur,0,2,A
2022-03-17,Everton,Newcastle,1,0,H
2022-03-18,Wolverhampton Wanderers,Leeds,2,3,A
2022-03-19,Aston Villa,Arsenal,0,1,A
2022-03-20,Leicester,Brentford,2,1,H
2022-03-20,Tottenham Hotspur,West Ham United,3,1,H
2022-04-02,Wolverhampton Wanderers,Aston Villa,2,1,H
2022-04-02,Leeds,Southampton,1,1,D
2022-04-02,Chelsea,Brentford,1,4,A
2022-04-02,Manchester United,Leicester,1,1,D
2022-04-02,Brighton and Hove Albion,Norwich,0,0,D
2022-04-02,Liverpool,Watford,2,0,H
2022-04-02,Burnley,Manchester City,0,2,A
2022-04-03,West Ham United,Everton,2,1,H
2022-04-03,Tottenham Hotspur,Newcastle,5,1,H
2022-04-04,Crystal Palace,Arsenal,3,0,H
2022-04-06,Burnley,Everton,3,2,H
2022-04-08,Newcastle,Wolverhampton Wanderers,1,0,H
2022-04-09,Everton,Manchester United,1,0,H
2022-04-09,Arsenal,Brighton and Hove Albion,1,2,A
2022-04-09,Southampton,Chelsea,0,6,A
2022-04-09,Watford,Leeds,0,3,A
2022-04-09,Aston Villa,Tottenham Hotspur,0,4,A
2022-04-10,Manchester City,Liverpool,2,2,D
2022-04-10,Norwich,Burnley,2,0,H
2022-04-10,Brentford,West Ham United,2,0,H
2022-04-10,Leicester,Crystal Palace,2,1,H
2022-04-16,Tottenham Hotspur,Brighton and Hove Albion,0,1,A
2022-04-16,Manchester United,Norwich,3,2,H
2022-04-16,Southampton,Arsenal,1,0,H
2022-04-16,Watford,Brentford,1,2,A
2022-04-17,Newcastle,Leicester,2,1,H
2022-04-17,West Ham United,Burnley,1,1,D
2022-04-19,Liverpool,Manchester United,4,0,H
2022-04-20,Everton,Leicester,1,1,D
2022-04-20,Manchester City,Brighton and Hove Albion,3,0,H
2022-04-20,Chelsea,Arsenal,2,4,A
2022-04-20,Newcastle,Crystal Palace,1,0,H
2022-04-21,Burnley,Southampton,2,0,H
2022-04-23,Norwich,Newcastle,0,3,A
2022-04-23,Arsenal,Manchester United,3,1,H
2022-04-23,Leicester,Aston Villa,0,0,D
2022-04-23,Manchester City,Watford,5,1,H
2022-04-23,Brentford,Tottenham Hotspur,0,0,D
2022-04-24,Liverpool,Everton,2,0,H
2022-04-24,Chelsea,West Ham United,1,0,H
2022-04-24,Brighton and Hove Albion,Southampton,2,2,D
2022-04-24,Burnley,Wolverhampton Wanderers,1,0,H
2022-04-25,Crystal Palace,Leeds,0,0,D
2022-04-28,Manchester United,Chelsea,1,1,D
2022-04-30,Newcastle,Liverpool,0,1,A
2022-04-30,Aston Villa,Norwich,2,0,H
2022-04-30,Southampton,Crystal Palace,1,2,A
2022-04-30,Watford,Burnley,1,2,A
2022-04-30,Wolverhampton Wanderers,Brighton and Hove Albion,0,3,A
2022-04-30,Leeds,Manchester City,0,4,A
2022-05-01,West Ham United,Arsenal,1,2,A
2022-05-01,Tottenham Hotspur,Leicester,3,1,H
2022-05-01,Everton,Chelsea,1,0,H
2022-05-02,Manchester United,Brentford,3,0,H
2022-05-07,Brentford,Southampton,3,0,H
2022-05-07,Burnley,Aston Villa,1,3,A
2022-05-07,Chelsea,Wolverhampton Wanderers,2,2,D
2022-05-07,Crystal Palace,Watford,1,0,H
2022-05-07,Brighton and Hove Albion,Manchester United,4,0,H
2022-05-07,Liverpool,Tottenham Hotspur,1,1,D
2022-05-08,Manchester City,Newcastle,5,0,H
2022-05-08,Leicester,Everton,1,2,A
2022-05-08,Arsenal,Leeds,2,1,H
2022-05-08,Norwich,West Ham United,0,4,A
2022-05-10,Aston Villa,Liverpool,1,2,A
2022-05-11,Leeds,Chelsea,0,3,A
2022-05-11,Leicester,Norwich,3,0,H
2022-05-11,Watford,Everton,0,0,D
2022-05-11,Wolverhampton Wanderers,Manchester City,1,5,A
2022-05-12,Tottenham Hotspur,Arsenal,3,0,H
2022-05-15,Aston Villa,Crystal Palace,1,1,D
2022-05-15,Tottenham Hotspur,Burnley,1,0,H
2022-05-15,Leeds,Brighton and Hove Albion,1,1,D
2022-05-15,Watford,Leicester,1,5,A
2022-05-15,West Ham United,Manchester City,2,2,D
2022-05-15,Wolverhampton Wanderers,Norwich,1,1,D
2022-05-15,Everton,Brentford,2,3,A
2022-05-16,Newcastle,Arsenal,2,0,H
2022-05-17,Southampton,Liverpool,1,2,A
2022-05-19,Aston Villa,Burnley,1,1,D
2022-05-19,Chelsea,Leicester,1,1,D
2022-05-19,Everton,Crystal Palace,3,2,H
2022-05-22,Manchester City,Aston Villa,3,2,H
2022-05-22,Liverpool,Wolverhampton Wanderers,3,1,H
2022-05-22,Norwich,Tottenham Hotspur,0,5,A
2022-05-22,Crystal Palace,Manchester United,1,0,H
2022-05-22,Leicester,Southampton,4,1,H
2022-05-22,Burnley,Newcastle,1,2,A
2022-05-22,Arsenal,Everton,5,1,H
2022-05-22,Brentford,Leeds,1,2,A
2022-05-22,Chelsea,Watford,2,1,H
2022-05-22,Brighton and Hove Albion,West Ham United,3,1,H
2022-08-05,Crystal Palace,Arsenal,0,2,A
2022-08-06,Fulham,Liverpool,2,2,D
2022-08-06,Bournemouth,Aston Villa,2,0,H
2022-08-06,Leeds,Wolverhampton Wanderers,2,1,H
2022-08-06,Newcastle,Nottingham,2,0,H
2022-08-06,Tottenham Hotspur,Southampton,4,1,H
2022-08-06,Everton,Chelsea,0,1,A
2022-08-07,Leicester,Brentford,2,2,D
2022-08-07,Manchester United,Brighton and Hove Albion,1,2,A
2022-08-07,West Ham United,Manchester City,0,2,A
2022-08-13,Brentford,Manchester United,4,0,H
2022-08-13,Wolverhampton Wanderers,Fulham,0,0,D
2022-08-13,Southampton,Leeds,2,2,D
2022-08-13,Aston Villa,Everton,2,1,H
2022-08-13,Brighton and Hove Albion,Newcastle,0,0,D
2022-08-13,Arsenal,Leicester,4,2,H
2022-08-13,Manchester City,Bournemouth,4,0,H
2022-08-14,Nottingham,West Ham United,1,0,H
2022-08-14,Chelsea,Tottenham Hotspur,2,2,D
2022-08-15,Liverpool,Crystal Palace,1,1,D
2022-08-20,Fulham,Brentford,3,2,H
2022-08-20,Bournemouth,Arsenal,0,3,A
2022-08-20,Leicester,Southampton,1,2,A
2022-08-20,Everton,Nottingham,1,1,D
2022-08-20,Tottenham Hotspur,Wolverhampton Wanderers,1,0,H
2022-08-20,Crystal Palace,Aston Villa,3,1,H
2022-08-21,Leeds,Chelsea,3,0,H
2022-08-21,West Ham United,Brighton and Hove Albion,0,2,A
2022-08-21,Newcastle,Manchester City,3,3,D
2022-08-22,Manchester United,Liverpool,2,1,H
2022-08-27,Arsenal,Fulham,2,1,H
2022-08-27,Manchester City,Crystal Palace,4,2,H
2022-08-27,Liverpool,Bournemouth,9,0,H
2022-08-27,Brighton and Hove Albion,Leeds,1,0,H
2022-08-27,Brentford,Everton,1,1,D
2022-08-27,Southampton,Manchester United,0,1,A
2022-08-27,Chelsea,Leicester,2,1,H
2022-08-28,Nottingham,Tottenham Hotspur,0,2,A
2022-08-28,Aston Villa,West Ham United,0,1,A
2022-08-28,Wolverhampton Wanderers,Newcastle,1,1,D
2022-08-30,Southampton,Chelsea,2,1,H
2022-08-30,Leeds,Everton,1,1,D
2022-08-30,Crystal Palace,Brentford,1,1,D
2022-08-30,Fulham,Brighton and Hove Albion,2,1,H
2022-08-31,Liverpool,Newcastle,2,1,H
2022-08-31,West Ham United,Tottenham Hotspur,1,1,D
2022-08-31,Arsenal,Aston Villa,2,1,H
2022-08-31,Bournemouth,Wolverhampton Wanderers,0,0,D
2022-08-31,Manchester City,Nottingham,6,0,H
2022-09-01,Leicester,Manchester United,0,1,A
2022-09-03,Everton,Liverpool,0,0,D
2022-09-03,Brentford,Leeds,5,2,H
2022-09-03,Chelsea,West Ham United,2,1,H
2022-09-03,Newcastle,Crystal Palace,0,0,D
2022-09-03,Nottingham,Bournemouth,2,3,A
2022-09-03,Tottenham Hotspur,Fulham,2,1,H
2022-09-03,Wolverhampton Wanderers,Southampton,1,0,H
2022-09-03,Aston Villa,Manchester City,1,1,D
2022-09-04,Manchester United,Arsenal,3,1,H
2022-09-04,Brighton and Hove Albion,Leicester,5,2,H
2022-09-16,Aston Villa,Southampton,1,0,H
2022-09-16,Nottingham,Fulham,2,3,A
2022-09-17,Wolverhampton Wanderers,Manchester City,0,3,A
2022-09-17,Newcastle,Bournemouth,1,1,D
2022-09-17,Tottenham Hotspur,Leicester,6,2,H
2022-09-18,Brentford,Arsenal,0,3,A
2022-09-18,Everton,West Ham United,1,0,H
2022-10-01,West Ham United,Wolverhampton Wanderers,2,0,H
2022-10-01,Southampton,Everton,1,2,A
2022-10-01,Liverpool,Brighton and Hove Albion,3,3,D
2022-10-01,Arsenal,Tottenham Hotspur,3,1,H
2022-10-01,Crystal Palace,Chelsea,1,2,A
2022-10-01,Bournemouth,Brentford,0,0,D
2022-10-01,Fulham,Newcastle,1,4,A
2022-10-02,Manchester City,Manchester United,6,3,H
2022-10-02,Leeds,Aston Villa,0,0,D
2022-10-03,Leicester,Nottingham,4,0,H
2022-10-08,Brighton and Hove Albion,Tottenham Hotspur,0,1,A
2022-10-08,Newcastle,Brentford,5,1,H
2022-10-08,Manchester City,Southampton,4,0,H
2022-10-08,Bournemouth,Leicester,2,1,H
2022-10-08,Chelsea,Wolverhampton Wanderers,3,0,H
2022-10-09,Crystal Palace,Leeds,2,1,H
2022-10-09,West Ham United,Fulham,3,1,H
2022-10-09,Arsenal,Liverpool,3,2,H
2022-10-09,Everton,Manchester United,1,2,A
2022-10-10,Nottingham,Aston Villa,1,1,D
2022-10-14,Brentford,Brighton and Hove Albion,2,0,H
2022-10-15,Tottenham Hotspur,Everton,2,0,H
2022-10-15,Wolverhampton Wanderers,Nottingham,1,0,H
2022-10-15,Fulham,Bournemouth,2,2,D
2022-10-15,Leicester,Crystal Palace,0,0,D
2022-10-16,Aston Villa,Chelsea,0,2,A
2022-10-16,Leeds,Arsenal,0,1,A
2022-10-16,Manchester United,Newcastle,0,0,D
2022-10-16,Southampton,West Ham United,1,1,D
2022-10-16,Liverpool,Manchester City,1,0,H
2022-10-18,Brighton and Hove Albion,Nottingham,0,0,D
2022-10-18,Crystal Palace,Wolverhampton Wanderers,2,1,H
2022-10-19,Manchester United,Tottenham Hotspur,2,0,H
2022-10-19,Liverpool,West Ham United,1,0,H
2022-10-19,Newcastle,Everton,1,0,H
2022-10-19,Bournemouth,Southampton,0,1,A
2022-10-19,Brentford,Chelsea,0,0,D
2022-10-20,Fulham,Aston Villa,3,0,H
2022-10-20,Leicester,Leeds,2,0,H
2022-10-22,Nottingham,Liverpool,1,0,H
2022-10-22,Everton,Crystal Palace,3,0,H
2022-10-22,Manchester City,Brighton and Hove Albion,3,1,H
2022-10-22,Chelsea,Manchester United,1,1,D
2022-10-23,Wolverhampton Wanderers,Leicester,0,4,A
2022-10-23,Aston Villa,Brentford,4,0,H
2022-10-23,Leeds,Fulham,2,3,A
2022-10-23,Southampton,Arsenal,1,1,D
2022-10-23,Tottenham Hotspur,Newcastle,1,2,A
2022-10-24,West Ham United,Bournemouth,2,0,H
2022-10-29,Leicester,Manchester City,0,1,A
2022-10-29,Bournemouth,Tottenham Hotspur,2,3,A
2022-10-29,Brentford,Wolverhampton Wanderers,1,1,D
2022-10-29,Brighton and Hove Albion,Chelsea,4,1,H
2022-10-29,Crystal Palace,Southampton,1,0,H
2022-10-29,Newcastle,Aston Villa,4,0,H
2022-10-29,Fulham,Everton,0,0,D
2022-10-29,Liverpool,Leeds,1,2,A
2022-10-30,Arsenal,Nottingham,5,0,H
2022-10-30,Manchester United,West Ham United,1,0,H
2022-11-05,Everton,Leicester,0,2,A
2022-11-05,Wolverhampton Wanderers,Brighton and Hove Albion,2,3,A
2022-11-05,Manchester City,Fulham,2,1,H
2022-11-05,Leeds,Bournemouth,4,3,H
2022-11-05,Nottingham,Brentford,2,2,D
2022-11-06,Chelsea,Arsenal,0,1,A
2022-11-06,Aston Villa,Manchester United,3,1,H
2022-11-06,Southampton,Newcastle,1,4,A
2022-11-06,West Ham United,Crystal Palace,1,2,A
2022-11-06,Tottenham Hotspur,Liverpool,1,2,A
2022-11-12,West Ham United,Leicester,0,2,A
2022-11-12,Wolverhampton Wanderers,Arsenal,0,2,A
2022-11-12,Newcastle,Chelsea,1,0,H
2022-11-12,Tottenham Hotspur,Leeds,4,3,H
2022-11-12,Bournemouth,Everton,3,0,H
2022-11-12,Liverpool,Southampton,3,1,H
2022-11-12,Manchester City,Brentford,1,2,A
2022-11-12,Nottingham,Crystal Palace,1,0,H
2022-11-13,Brighton and Hove Albion,Aston Villa,1,2,A
2022-11-13,Fulham,Manchester United,1,2,A
2022-12-26,Arsenal,West Ham United,3,1,H
2022-12-26,Aston Villa,Liverpool,1,3,A
2022-12-26,Leicester,Newcastle,0,3,A
2022-12-26,Southampton,Brighton and Hove Albion,1,3,A
2022-12-26,Crystal Palace,Fulham,0,3,A
2022-12-26,Brentford,Tottenham Hotspur,2,2,D
2022-12-26,Everton,Wolverhampton Wanderers,1,2,A
2022-12-27,Chelsea,Bournemouth,2,0,H
2022-12-27,Manchester United,Nottingham,3,0,H
2022-12-28,Leeds,Manchester City,1,3,A
2022-12-30,West Ham United,Brentford,0,2,A
2022-12-30,Liverpool,Leicester,2,1,H
2022-12-31,Brighton and Hove Albion,Arsenal,2,4,A
2022-12-31,Manchester City,Everton,1,1,D
2022-12-31,Newcastle,Leeds,0,0,D
2022-12-31,Bournemouth,Crystal Palace,0,2,A
2022-12-31,Wolverhampton Wanderers,Manchester United,0,1,A
2022-12-31,Fulham,Southampton,2,1,H
2023-01-01,Tottenham Hotspur,Aston Villa,0,2,A
2023-01-01,Nottingham,Chelsea,1,1,D
2023-01-02,Brentford,Liverpool,3,1,H
2023-01-03,Arsenal,Newcastle,0,0,D
2023-01-03,Everton,Brighton and Hove Albion,1,4,A
2023-01-03,Leicester,Fulham,0,1,A
2023-01-03,Manchester United,Bournemouth,3,0,H
2023-01-04,Crystal Palace,Tottenham Hotspur,0,4,A
2023-01-04,Aston Villa,Wolverhampton Wanderers,1,1,D
2023-01-04,Leeds,West Ham United,2,2,D
2023-01-04,Southampton,Nottingham,0,1,A
2023-01-05,Chelsea,Manchester City,0,1,A
2023-01-12,Fulham,Chelsea,2,1,H
2023-01-13,Aston Villa,Leeds,2,1,H
2023-01-14,Brentford,Bournemouth,2,0,H
2023-01-14,Manchester United,Manchester City,2,1,H
2023-01-14,Brighton and Hove Albion,Liverpool,3,0,H
2023-01-14,Everton,Southampton,1,2,A
2023-01-14,Nottingham,Leicester,2,0,H
2023-01-14,Wolverhampton Wanderers,West Ham United,1,0,H
2023-01-15,Tottenham Hotspur,Arsenal,0,2,A
2023-01-15,Chelsea,Crystal Palace,1,0,H
2023-01-15,Newcastle,Fulham,1,0,H
2023-01-18,Crystal Palace,Manchester United,1,1,D
2023-01-19,Manchester City,Tottenham Hotspur,4,2,H
2023-01-21,Liverpool,Chelsea,0,0,D
2023-01-21,Bournemouth,Nottingham,1,1,D
2023-01-21,Leicester,Brighton and Hove Albion,2,2,D
2023-01-21,Southampton,Aston Villa,0,1,A
2023-01-21,West Ham United,Everton,2,0,H
2023-01-21,Crystal Palace,Newcastle,0,0,D
2023-01-22,Leeds,Brentford,0,0,D
2023-01-22,Manchester City,Wolverhampton Wanderers,3,0,H
2023-01-22,Arsenal,Manchester United,3,2,H
2023-01-23,Fulham,Tottenham Hotspur,0,1,A
2023-02-03,Chelsea,Fulham,0,0,D
2023-02-04,Everton,Arsenal,1,0,H
2023-02-04,Aston Villa,Leicester,2,4,A
2023-02-04,Brentford,Southampton,3,0,H
2023-02-04,Brighton and Hove Albion,Bournemouth,1,0,H
2023-02-04,Manchester United,Crystal Palace,2,1,H
2023-02-04,Wolverhampton Wanderers,Liverpool,3,0,H
2023-02-04,Newcastle,West Ham United,1,1,D
2023-02-05,Nottingham,Leeds,1,0,H
2023-02-05,Tottenham Hotspur,Manchester City,1,0,H
2023-02-08,Manchester United,Leeds,2,2,D
2023-02-11,Bournemouth,Newcastle,1,1,D
2023-02-11,Southampton,Wolverhampton Wanderers,1,2,A
2023-02-11,Leicester,Tottenham Hotspur,4,1,H
2023-02-11,West Ham United,Chelsea,1,1,D
2023-02-11,Crystal Palace,Brighton and Hove Albion,1,1,D
2023-02-11,Arsenal,Brentford,1,1,D
2023-02-11,Fulham,Nottingham,2,0,H
2023-02-12,Leeds,Manchester United,0,2,A
2023-02-12,Manchester City,Aston Villa,3,1,H
2023-02-13,Liverpool,Everton,2,0,H
2023-02-15,Arsenal,Manchester City,1,3,A
2023-02-18,Newcastle,Liverpool,0,2,A
2023-02-18,Wolverhampton Wanderers,Bournemouth,0,1,A
2023-02-18,Nottingham,Manchester City,1,1,D
2023-02-18,Everton,Leeds,1,0,H
2023-02-18,Chelsea,Southampton,0,1,A
2023-02-18,Brentford,Crystal Palace,1,1,D
2023-02-18,Aston Villa,Arsenal,2,4,A
2023-02-18,Brighton and Hove Albion,Fulham,0,1,A
2023-02-19,Manchester United,Leicester,3,0,H
2023-02-19,Tottenham Hotspur,West Ham United,2,0,H
2023-02-24,Fulham,Wolverhampton Wanderers,1,1,D
2023-02-25,Bournemouth,Manchester City,1,4,A
2023-02-25,Crystal Palace,Liverpool,0,0,D
2023-02-25,West Ham United,Nottingham,4,0,H
2023-02-25,Everton,Aston Villa,0,2,A
2023-02-25,Leeds,Southampton,1,0,H
2023-02-25,Leicester,Arsenal,0,1,A
2023-02-26,Tottenham Hotspur,Chelsea,2,0,H
2023-03-01,Arsenal,Everton,4,0,H
2023-03-01,Liverpool,Wolverhampton Wanderers,2,0,H
2023-03-04,Wolverhampton Wanderers,Tottenham Hotspur,1,0,H
2023-03-04,Chelsea,Leeds,1,0,H
2023-03-04,Brighton and Hove Albion,West Ham United,4,0,H
2023-03-04,Southampton,Leicester,1,0,H
2023-03-04,Arsenal,Bournemouth,3,2,H
2023-03-04,Manchester City,Newcastle,2,0,H
2023-03-04,Aston Villa,Crystal Palace,1,0,H
2023-03-05,Nottingham,Everton,2,2,D
2023-03-05,Liverpool,Manchester United,7,0,H
2023-03-06,Brentford,Fulham,3,2,H
2023-03-11,Bournemouth,Liverpool,1,0,H
2023-03-11,Everton,Brentford,1,0,H
2023-03-11,Leeds,Brighton and Hove Albion,2,2,D
2023-03-11,Leicester,Chelsea,1,3,A
2023-03-11,Tottenham Hotspur,Nottingham,3,1,H
2023-03-11,Crystal Palace,Manchester City,0,1,A
2023-03-12,Newcastle,Wolverhampton Wanderers,2,1,H
2023-03-12,West Ham United,Aston Villa,1,1,D
2023-03-12,Fulham,Arsenal,0,3,A
2023-03-12,Manchester United,Southampton,0,0,D
2023-03-15,Brighton and Hove Albion,Crystal Palace,1,0,H
2023-03-15,Southampton,Brentford,0,2,A
2023-03-17,Nottingham,Newcastle,1,2,A
2023-03-18,Chelsea,Everton,2,2,D
2023-03-18,Aston Villa,Bournemouth,3,0,H
2023-03-18,Brentford,Leicester,1,1,D
2023-03-18,Southampton,Tottenham Hotspur,3,3,D
2023-03-18,Wolverhampton Wanderers,Leeds,2,4,A
2023-03-19,Arsenal,Crystal Palace,4,1,H
2023-04-01,Manchester City,Liverpool,4,1,H
2023-04-01,Arsenal,Leeds,4,1,H
2023-04-01,Bournemouth,Fulham,2,1,H
2023-04-01,Brighton and Hove Albion,Brentford,3,3,D
2023-04-01,Crystal Palace,Leicester,2,1,H
2023-04-01,Nottingham,Wolverhampton Wanderers,1,1,D
2023-04-01,Chelsea,Aston Villa,0,2,A
2023-04-02,West Ham United,Southampton,1,0,H
2023-04-02,Newcastle,Manchester United,2,0,H
2023-04-03,Everton,Tottenham Hotspur,1,1,D
2023-04-04,Bournemouth,Brighton and Hove Albion,0,2,A
2023-04-04,Leeds,Nottingham,2,1,H
2023-04-04,Leicester,Aston Villa,1,2,A
2023-04-04,Chelsea,Liverpool,0,0,D
2023-04-05,Manchester United,Brentford,1,0,H
2023-04-05,West Ham United,Newcastle,1,5,A
2023-04-08,Southampton,Manchester City,1,4,A
2023-04-08,Wolverhampton Wanderers,Chelsea,1,0,H
2023-04-08,Tottenham Hotspur,Brighton and Hove Albion,2,1,H
2023-04-08,Leicester,Bournemouth,0,1,A
2023-04-08,Fulham,West Ham United,0,1,A
2023-04-08,Brentford,Newcastle,1,2,A
2023-04-08,Aston Villa,Nottingham,2,0,H
2023-04-08,Manchester United,Everton,2,0,H
2023-04-09,Leeds,Crystal Palace,1,5,A
2023-04-09,Liverpool,Arsenal,2,2,D
2023-04-15,Wolverhampton Wanderers,Brentford,2,0,H
2023-04-15,Tottenham Hotspur,Bournemouth,2,3,A
2023-04-15,Southampton,Crystal Palace,0,2,A
2023-04-15,Manchester City,Leicester,3,1,H
2023-04-15,Chelsea,Brighton and Hove Albion,1,2,A
2023-04-15,Aston Villa,Newcastle,3,0,H
2023-04-15,Everton,Fulham,1,3,A
2023-04-16,West Ham United,Arsenal,2,2,D
2023-04-16,Nottingham,Manchester United,0,2,A
2023-04-17,Leeds,Liverpool,1,6,A
2023-04-21,Arsenal,Southampton,3,3,D
2023-04-22,Fulham,Leeds,2,1,H
2023-04-22,Brentford,Aston Villa,1,1,D
2023-04-22,Crystal Palace,Everton,0,0,D
2023-04-22,Leicester,Wolverhampton Wanderers,2,1,H
2023-04-22,Liverpool,Nottingham,3,2,H
2023-04-23,Newcastle,Tottenham Hotspur,6,1,H
2023-04-23,Bournemouth,West Ham United,0,4,A
2023-04-25,Wolverhampton Wanderers,Crystal Palace,2,0,H
2023-04-25,Aston Villa,Fulham,1,0,H
2023-04-25,Leeds,Leicester,1,1,D
2023-04-26,Nottingham,Brighton and Hove Albion,3,1,H
2023-04-26,Chelsea,Brentford,0,2,A
2023-04-26,West Ham United,Liverpool,1,2,A
2023-04-26,Manchester City,Arsenal,4,1,H
2023-04-27,Everton,Newcastle,1,4,A
2023-04-27,Southampton,Bournemouth,0,1,A
2023-04-27,Tottenham Hotspur,Manchester United,2,2,D
2023-04-29,Brighton and Hove Albion,Wolverhampton Wanderers,6,0,H
2023-04-29,Brentford,Nottingham,2,1,H
2023-04-29,Crystal Palace,West Ham United,4,3,H
2023-04-30,Bournemouth,Leeds,4,1,H
2023-04-30,Fulham,Manchester City,1,2,A
2023-04-30,Manchester United,Aston Villa,1,0,H
2023-04-30,Newcastle,Southampton,3,1,H
2023-04-30,Liverpool,Tottenham Hotspur,4,3,H
2023-05-01,Leicester,Everton,2,2,D
2023-05-02,Arsenal,Chelsea,3,1,H
2023-05-03,Liverpool,Fulham,1,0,H
2023-05-03,Manchester City,West Ham United,3,0,H
2023-05-04,Brighton and Hove Albion,Manchester United,1,0,H
2023-05-06,Liverpool,Brentford,1,0,H
2023-05-06,Wolverhampton Wanderers,Aston Villa,1,0,H
2023-05-06,Bournemouth,Chelsea,1,3,A
2023-05-06,Manchester City,Leeds,2,1,H
2023-05-06,Tottenham Hotspur,Crystal Palace,1,0,H
2023-05-07,Newcastle,Arsenal,0,2,A
2023-05-07,West Ham United,Manchester United,1,0,H
2023-05-08,Fulham,Leicester,5,3,H
2023-05-08,Brighton and Hove Albion,Everton,1,5,A
2023-05-08,Nottingham,Southampton,4,3,H
2023-05-13,Manchester United,Wolverhampton Wanderers,2,0,H
2023-05-13,Southampton,Fulham,0,2,A
2023-05-13,Crystal Palace,Bournemouth,2,0,H
2023-05-13,Aston Villa,Tottenham Hotspur,2,1,H
2023-05-13,Leeds,Newcastle,2,2,D
2023-05-13,Chelsea,Nottingham,2,2,D
2023-05-14,Brentford,West Ham United,2,0,H
2023-05-14,Everton,Manchester City,0,3,A
2023-05-14,Arsenal,Brighton and Hove Albion,0,3,A
2023-05-15,Leicester,Liverpool,0,3,A
2023-05-18,Newcastle,Brighton and Hove Albion,4,1,H
2023-05-20,Fulham,Crystal Palace,2,2,D
2023-05-20,Nottingham,Arsenal,1,0,H
2023-05-20,Wolverhampton Wanderers,Everton,1,1,D
2023-05-20,Bournemouth,Manchester United,0,1,A
2023-05-20,Tottenham Hotspur,Brentford,1,3,A
2023-05-20,Liverpool,Aston Villa,1,1,D
2023-05-21,West Ham United,Leeds,3,1,H
2023-05-21,Brighton and Hove Albion,Southampton,3,1,H
2023-05-21,Manchester City,Chelsea,1,0,H
2023-05-22,Newcastle,Leicester,0,0,D
2023-05-24,Brighton and Hove Albion,Manchester City,1,1,D
2023-05-25,Manchester United,Chelsea,4,1,H
2023-05-28,Leicester,West Ham United,2,1,H
2023-05-28,Leeds,Tottenham Hotspur,1,4,A
2023-05-28,Manchester United,Fulham,2,1,H
2023-05-28,Everton,Bournemouth,1,0,H
2023-05-28,Southampton,Liverpool,4,4,D
2023-05-28,Chelsea,Newcastle,1,1,D
2023-05-28,Arsenal,Wolverhampton Wanderers,5,0,H
2023-05-28,Crystal Palace,Nottingham,1,1,D
2023-05-28,Brentford,Manchester City,1,0,H
2023-05-28,Aston Villa,Brighton and Hove Albion,2,1,H
2023-08-11,Burnley,Manchester City,0,3,A
2023-08-12,Brighton and Hove Albion,Luton Town,4,1,H
2023-08-12,Everton,Fulham,0,1,A
2023-08-12,Arsenal,Nottingham Forest,2,1,H
2023-08-12,Sheffield United,Crystal Palace,0,1,A
2023-08-12,Bournemouth,West Ham United,1,1,D
2023-08-12,Newcastle United,Aston Villa,5,1,H
2023-08-13,Brentford,Tottenham Hotspur,2,2,D
2023-08-13,Chelsea,Liverpool,1,1,D
2023-08-14,Manchester United,Wolverhampton Wanderers,1,0,H
2023-08-18,Nottingham Forest,Sheffield United,2,1,H
2023-08-19,Fulham,Brentford,0,3,A
2023-08-19,Tottenham Hotspur,Manchester United,2,0,H
2023-08-19,Wolverhampton Wanderers,Brighton and Hove Albion,1,4,A
2023-08-19,Liverpool,Bournemouth,3,1,H
2023-08-19,Manchester City,Newcastle United,1,0,H
2023-08-20,Aston Villa,Everton,4,0,H
2023-08-20,West Ham United,Chelsea,3,1,H
2023-08-21,Crystal Palace,Arsenal,0,1,A
2023-08-25,Chelsea,Luton Town,3,0,H
2023-08-26,Everton,Wolverhampton Wanderers,0,1,A
2023-08-26,Brentford,Crystal Palace,1,1,D
2023-08-26,Manchester United,Nottingham Forest,3,2,H
2023-08-26,Bournemouth,Tottenham Hotspur,0,2,A
2023-08-26,Brighton and Hove Albion,West Ham United,1,3,A
2023-08-26,Arsenal,Fulham,2,2,D
2023-08-27,Burnley,Aston Villa,1,3,A
2023-08-27,Newcastle United,Liverpool,1,2,A
2023-08-27,Sheffield United,Manchester City,1,2,A
2023-09-01,Luton Town,West Ham United,1,2,A
2023-09-02,Brighton and Hove Albion,Newcastle United,3,1,H
2023-09-02,Brentford,Bournemouth,2,2,D
2023-09-02,Chelsea,Nottingham Forest,0,1,A
2023-09-02,Sheffield United,Everton,2,2,D
2023-09-02,Burnley,Tottenham Hotspur,2,5,A
2023-09-02,Manchester City,Fulham,5,1,H
2023-09-03,Crystal Palace,Wolverhampton Wanderers,3,2,H
2023-09-03,Arsenal,Manchester United,3,1,H
2023-09-03,Liverpool,Aston Villa,3,0,H
2023-09-16,West Ham United,Manchester City,1,3,A
2023-09-16,Aston Villa,Crystal Palace,3,1,H
2023-09-16,Tottenham Hotspur,Sheffield United,2,1,H
2023-09-16,Newcastle United,Brentford,1,0,H
2023-09-16,Manchester United,Brighton and Hove Albion,1,3,A
2023-09-16,Fulham,Luton Town,1,0,H
2023-09-16,Wolverhampton Wanderers,Liverpool,1,3,A
2023-09-17,Everton,Arsenal,0,1,A
2023-09-17,Bournemouth,Chelsea,0,0,D
2023-09-18,Nottingham Forest,Burnley,1,1,D
2023-09-23,Manchester City,Nottingham Forest,2,0,H
2023-09-23,Burnley,Manchester United,0,1,A
2023-09-23,Luton Town,Wolverhampton Wanderers,1,1,D
2023-09-23,Crystal Palace,Fulham,0,0,D
2023-09-23,Brentford,Everton,1,3,A
2023-09-24,Liverpool,West Ham United,3,1,H
2023-09-24,Arsenal,Tottenham Hotspur,2,2,D
2023-09-24,Brighton and Hove Albion,Bournemouth,3,1,H
2023-09-24,Sheffield United,Newcastle United,0,8,A
2023-09-24,Chelsea,Aston Villa,0,1,A
2023-09-30,West Ham United,Sheffield United,2,0,H
2023-09-30,Tottenham Hotspur,Liverpool,2,1,H
2023-09-30,Everton,Luton Town,1,2,A
2023-09-30,Wolverhampton Wanderers,Manchester City,2,1,H
2023-09-30,Manchester United,Crystal Palace,0,1,A
2023-09-30,Aston Villa,Brighton and Hove Albion,6,1,H
2023-09-30,Bournemouth,Arsenal,0,4,A
2023-09-30,Newcastle United,Burnley,2,0,H
2023-10-01,Nottingham Forest,Brentford,1,1,D
2023-10-02,Fulham,Chelsea,0,2,A
2023-10-03,Luton Town,Burnley,1,2,A
2023-10-07,Luton Town,Tottenham Hotspur,0,1,A
2023-10-07,Fulham,Sheffield United,3,1,H
2023-10-07,Manchester United,Brentford,2,1,H
2023-10-07,Burnley,Chelsea,1,4,A
2023-10-07,Crystal Palace,Nottingham Forest,0,0,D
2023-10-07,Everton,Bournemouth,3,0,H
2023-10-08,West Ham United,Newcastle United,2,2,D
2023-10-08,Brighton and Hove Albion,Liverpool,2,2,D
2023-10-08,Arsenal,Manchester City,1,0,H
2023-10-08,Wolverhampton Wanderers,Aston Villa,1,1,D
2023-10-21,Bournemouth,Wolverhampton Wanderers,1,2,A
2023-10-21,Nottingham Forest,Luton Town,2,2,D
2023-10-21,Chelsea,Arsenal,2,2,D
2023-10-21,Newcastle United,Crystal Palace,4,0,H
2023-10-21,Sheffield United,Manchester United,1,2,A
2023-10-21,Liverpool,Everton,2,0,H
2023-10-21,Manchester City,Brighton and Hove Albion,2,1,H
2023-10-21,Brentford,Burnley,3,0,H
2023-10-22,Aston Villa,West Ham United,4,1,H
2023-10-23,Tottenham Hotspur,Fulham,2,0,H
2023-10-27,Crystal Palace,Tottenham Hotspur,1,2,A
2023-10-28,Bournemouth,Burnley,2,1,H
2023-10-28,Arsenal,Sheffield United,5,0,H
2023-10-28,Wolverhampton Wanderers,Newcastle United,2,2,D
2023-10-28,Chelsea,Brentford,0,2,A
2023-10-29,West Ham United,Everton,0,1,A
2023-10-29,Manchester United,Manchester City,0,3,A
2023-10-29,Liverpool,Nottingham Forest,3,0,H
2023-10-29,Brighton and Hove Albion,Fulham,1,1,D
2023-10-29,Aston Villa,Luton Town,3,1,H
2023-11-04,Manchester City,Bournemouth,6,1,H
2023-11-04,Everton,Brighton and Hove Albion,1,1,D
2023-11-04,Sheffield United,Wolverhampton Wanderers,2,1,H
2023-11-04,Brentford,West Ham United,3,2,H
2023-11-04,Newcastle United,Arsenal,1,0,H
2023-11-04,Fulham,Manchester United,0,1,A
2023-11-04,Burnley,Crystal Palace,0,2,A
2023-11-05,Luton Town,Liverpool,1,1,D
2023-11-05,Nottingham Forest,Aston Villa,2,0,H
2023-11-06,Tottenham Hotspur,Chelsea,1,4,A
2023-11-11,Wolverhampton Wanderers,Tottenham Hotspur,2,1,H
2023-11-11,Manchester United,Luton Town,1,0,H
2023-11-11,Crystal Palace,Everton,2,3,A
2023-11-11,Arsenal,Burnley,3,1,H
2023-11-11,Bournemouth,Newcastle United,2,0,H
2023-11-12,Chelsea,Manchester City,4,4,D
2023-11-12,Liverpool,Brentford,3,0,H
2023-11-12,West Ham United,Nottingham Forest,3,2,H
2023-11-12,Aston Villa,Fulham,3,1,H
2023-11-12,Brighton and Hove Albion,Sheffield United,1,1,D
2023-11-25,Luton Town,Crystal Palace,2,1,H
2023-11-25,Brentford,Arsenal,0,1,A
2023-11-25,Manchester City,Liverpool,1,1,D
2023-11-25,Burnley,West Ham United,1,2,A
2023-11-25,Newcastle United,Chelsea,4,1,H
2023-11-25,Sheffield United,Bournemouth,1,3,A
2023-11-25,Nottingham Forest,Brighton and Hove Albion,2,3,A
2023-11-26,Everton,Manchester United,0,3,A
2023-11-26,Tottenham Hotspur,Aston Villa,1,2,A
2023-11-27,Fulham,Wolverhampton Wanderers,3,2,H
2023-12-02,Burnley,Sheffield United,5,0,H
2023-12-02,Nottingham Forest,Everton,0,1,A
2023-12-02,Brentford,Luton Town,3,1,H
2023-12-02,Newcastle United,Manchester United,1,0,H
2023-12-02,Arsenal,Wolverhampton Wanderers,2,1,H
2023-12-03,Liverpool,Fulham,4,3,H
2023-12-03,West Ham United,Crystal Palace,1,1,D
2023-12-03,Chelsea,Brighton and Hove Albion,3,2,H
2023-12-03,Manchester City,Tottenham Hotspur,3,3,D
2023-12-03,Bournemouth,Aston Villa,2,2,D
2023-12-05,Wolverhampton Wanderers,Burnley,1,0,H
2023-12-05,Luton Town,Arsenal,3,4,A
2023-12-06,Brighton and Hove Albion,Brentford,2,1,H
2023-12-06,Fulham,Nottingham Forest,5,0,H
2023-12-06,Manchester United,Chelsea,2,1,H
2023-12-06,Sheffield United,Liverpool,0,2,A
2023-12-06,Crystal Palace,Bournemouth,0,2,A
2023-12-06,Aston Villa,Manchester City,1,0,H
2023-12-07,Everton,Newcastle United,3,0,H
2023-12-07,Tottenham Hotspur,West Ham United,1,2,A
2023-12-09,Aston Villa,Arsenal,1,0,H
2023-12-09,Wolverhampton Wanderers,Nottingham Forest,1,1,D
2023-12-09,Crystal Palace,Liverpool,1,2,A
2023-12-09,Manchester United,Bournemouth,0,3,A
2023-12-09,Sheffield United,Brentford,1,0,H
2023-12-09,Brighton and Hove Albion,Burnley,1,1,D
2023-12-10,Luton Town,Manchester City,1,2,A
2023-12-10,Everton,Chelsea,2,0,H
2023-12-10,Fulham,West Ham United,5,0,H
2023-12-10,Tottenham Hotspur,Newcastle United,4,1,H
2023-12-15,Nottingham Forest,Tottenham Hotspur,0,2,A
2023-12-16,Burnley,Everton,0,2,A
2023-12-16,Manchester City,Crystal Palace,2,2,D
2023-12-16,Chelsea,Sheffield United,2,0,H
2023-12-16,Newcastle United,Fulham,3,0,H
2023-12-17,Brentford,Aston Villa,1,2,A
2023-12-17,West Ham United,Wolverhampton Wanderers,3,0,H
2023-12-17,Arsenal,Brighton and Hove Albion,2,0,H
2023-12-17,Liverpool,Manchester United,0,0,D
2023-12-21,Crystal Palace,Brighton and Hove Albion,1,1,D
2023-12-22,Aston Villa,Sheffield United,1,1,D
2023-12-23,Liverpool,Arsenal,1,1,D
2023-12-23,West Ham United,Manchester United,2,0,H
2023-12-23,Luton Town,Newcastle United,1,0,H
2023-12-23,Nottingham Forest,Bournemouth,2,3,A
2023-12-23,Fulham,Burnley,0,2,A
2023-12-23,Tottenham Hotspur,Everton,2,1,H
2023-12-24,Wolverhampton Wanderers,Chelsea,2,1,H
2023-12-26,Sheffield United,Luton Town,2,3,A
2023-12-26,Manchester United,Aston Villa,3,2,H
2023-12-26,Burnley,Liverpool,0,2,A
2023-12-26,Newcastle United,Nottingham Forest,1,3,A
2023-12-26,Bournemouth,Fulham,3,0,H
2023-12-27,Brentford,Wolverhampton Wanderers,1,4,A
2023-12-27,Chelsea,Crystal Palace,2,1,H
2023-12-27,Everton,Manchester City,1,3,A
2023-12-28,Brighton and Hove Albion,Tottenham Hotspur,4,2,H
2023-12-28,Arsenal,West Ham United,0,2,A
2023-12-30,Wolverhampton Wanderers,Everton,3,0,H
2023-12-30,Luton Town,Chelsea,2,3,A
2023-12-30,Crystal Palace,Brentford,3,1,H
2023-12-30,Nottingham Forest,Manchester United,2,1,H
2023-12-30,Aston Villa,Burnley,3,2,H
2023-12-30,Manchester City,Sheffield United,2,0,H
2023-12-31,Fulham,Arsenal,2,1,H
2023-12-31,Tottenham Hotspur,Bournemouth,3,1,H
2024-01-01,Liverpool,Newcastle United,4,2,H
2024-01-02,West Ham United,Brighton and Hove Albion,0,0,D
2024-01-12,Burnley,Luton Town,1,1,D
2024-01-13,Newcastle United,Manchester City,2,3,A
2024-01-13,Chelsea,Fulham,1,0,H
2024-01-14,Manchester United,Tottenham Hotspur,2,2,D
2024-01-14,Everton,Aston Villa,0,0,D
2024-01-20,Brentford,Nottingham Forest,3,2,H
2024-01-20,Arsenal,Crystal Palace,5,0,H
2024-01-21,Bournemouth,Liverpool,0,4,A
2024-01-21,Sheffield United,West Ham United,2,2,D
2024-01-22,Brighton and Hove Albion,Wolverhampton Wanderers,0,0,D
2024-01-30,Crystal Palace,Sheffield United,3,2,H
2024-01-30,Nottingham Forest,Arsenal,1,2,A
2024-01-30,Fulham,Everton,0,0,D
2024-01-30,Aston Villa,Newcastle United,1,3,A
2024-01-30,Luton Town,Brighton and Hove Albion,4,0,H
2024-01-31,Liverpool,Chelsea,4,1,H
2024-01-31,Manchester City,Burnley,3,1,H
2024-01-31,Tottenham Hotspur,Brentford,3,2,H
2024-02-01,Wolverhampton Wanderers,Manchester United,3,4,A
2024-02-01,West Ham United,Bournemouth,1,1,D
2024-02-03,Newcastle United,Luton Town,4,4,D
2024-02-03,Burnley,Fulham,2,2,D
2024-02-03,Brighton and Hove Albion,Crystal Palace,4,1,H
2024-02-03,Everton,Tottenham Hotspur,2,2,D
2024-02-03,Sheffield United,Aston Villa,0,5,A
2024-02-04,Arsenal,Liverpool,3,1,H
2024-02-04,Chelsea,Wolverhampton Wanderers,2,4,A
2024-02-04,Manchester United,West Ham United,3,0,H
2024-02-04,Bournemouth,Nottingham Forest,1,1,D
2024-02-05,Brentford,Manchester City,1,3,A
2024-02-10,Nottingham Forest,Newcastle United,2,3,A
2024-02-10,Fulham,Bournemouth,3,1,H
2024-02-10,Wolverhampton Wanderers,Brentford,0,2,A
2024-02-10,Liverpool,Burnley,3,1,H
2024-02-10,Manchester City,Everton,2,0,H
2024-02-10,Luton Town,Sheffield United,1,3,A
2024-02-10,Tottenham Hotspur,Brighton and Hove Albion,2,1,H
2024-02-11,West Ham United,Arsenal,0,6,A
2024-02-11,Aston Villa,Manchester United,1,2,A
2024-02-12,Crystal Palace,Chelsea,1,3,A
2024-02-17,Brentford,Liverpool,1,4,A
2024-02-17,Newcastle United,Bournemouth,2,2,D
2024-02-17,Burnley,Arsenal,0,5,A
2024-02-17,Manchester City,Chelsea,1,1,D
2024-02-17,Nottingham Forest,West Ham United,2,0,H
2024-02-17,Fulham,Aston Villa,1,2,A
2024-02-17,Tottenham Hotspur,Wolverhampton Wanderers,1,2,A
2024-02-18,Sheffield United,Brighton and Hove Albion,0,5,A
2024-02-18,Luton Town,Manchester United,1,2,A
2024-02-19,Everton,Crystal Palace,1,1,D
2024-02-20,Manchester City,Brentford,1,0,H
2024-02-21,Liverpool,Luton Town,4,1,H
2024-02-24,Brighton and Hove Albion,Everton,1,1,D
2024-02-24,Manchester United,Fulham,1,2,A
2024-02-24,Arsenal,Newcastle United,4,1,H
2024-02-24,Aston Villa,Nottingham Forest,4,2,H
2024-02-24,Crystal Palace,Burnley,3,0,H
2024-02-24,Bournemouth,Manchester City,0,1,A
2024-02-25,Wolverhampton Wanderers,Sheffield United,1,0,H
2024-02-26,West Ham United,Brentford,4,2,H
2024-03-02,Luton Town,Aston Villa,2,3,A
2024-03-02,Tottenham Hotspur,Crystal Palace,3,1,H
2024-03-02,Newcastle United,Wolverhampton Wanderers,3,0,H
2024-03-02,Nottingham Forest,Liverpool,0,1,A
2024-03-02,Brentford,Chelsea,2,2,D
2024-03-02,Everton,West Ham United,1,3,A
2024-03-02,Fulham,Brighton and Hove Albion,3,0,H
2024-03-03,Manchester City,Manchester United,3,1,H
2024-03-03,Burnley,Bournemouth,0,2,A
2024-03-04,Sheffield United,Arsenal,0,6,A
2024-03-09,Bournemouth,Sheffield United,2,2,D
2024-03-09,Manchester United,Everton,2,0,H
2024-03-09,Crystal Palace,Luton Town,1,1,D
2024-03-09,Wolverhampton Wanderers,Fulham,2,1,H
2024-03-09,Arsenal,Brentford,2,1,H
2024-03-10,Liverpool,Manchester City,1,1,D
2024-03-10,West Ham United,Burnley,2,2,D
2024-03-10,Brighton and Hove Albion,Nottingham Forest,1,0,H
2024-03-10,Aston Villa,Tottenham Hotspur,0,4,A
2024-03-11,Chelsea,Newcastle United,3,2,H
2024-03-13,Bournemouth,Luton Town,4,3,H
2024-03-16,Luton Town,Nottingham Forest,1,1,D
2024-03-16,Burnley,Brentford,2,1,H
2024-03-16,Fulham,Tottenham Hotspur,3,0,H
2024-03-17,West Ham United,Aston Villa,1,1,D
2024-03-30,Aston Villa,Wolverhampton Wanderers,2,0,H
2024-03-30,Bournemouth,Everton,2,1,H
2024-03-30,Brentford,Manchester United,1,1,D
2024-03-30,Tottenham Hotspur,Luton Town,2,1,H
2024-03-30,Chelsea,Burnley,2,2,D
2024-03-30,Sheffield United,Fulham,3,3,D
2024-03-30,Newcastle United,West Ham United,4,3,H
2024-03-30,Nottingham Forest,Crystal Palace,1,1,D
2024-03-31,Liverpool,Brighton and Hove Albion,2,1,H
2024-03-31,Manchester City,Arsenal,0,0,D
2024-04-02,West Ham United,Tottenham Hotspur,1,1,D
2024-04-02,Bournemouth,Crystal Palace,1,0,H
2024-04-02,Nottingham Forest,Fulham,3,1,H
2024-04-02,Newcastle United,Everton,1,1,D
2024-04-02,Burnley,Wolverhampton Wanderers,1,1,D
2024-04-03,Arsenal,Luton Town,2,0,H
2024-04-03,Brentford,Brighton and Hove Albion,0,0,D
2024-04-03,Manchester City,Aston Villa,4,1,H
2024-04-04,Chelsea,Manchester United,4,3,H
2024-04-04,Liverpool,Sheffield United,3,1,H
2024-04-06,Everton,Burnley,1,0,H
2024-04-06,Luton Town,Bournemouth,2,1,H
2024-04-06,Fulham,Newcastle United,0,1,A
2024-04-06,Aston Villa,Brentford,3,3,D
2024-04-06,Brighton and Hove Albion,Arsenal,0,3,A
2024-04-06,Crystal Palace,Manchester City,2,4,A
2024-04-06,Wolverhampton Wanderers,West Ham United,1,2,A
2024-04-07,Sheffield United,Chelsea,2,2,D
2024-04-07,Tottenham Hotspur,Nottingham Forest,3,1,H
2024-04-07,Manchester United,Liverpool,2,2,D
2024-04-13,Newcastle United,Tottenham Hotspur,4,0,H
2024-04-13,Nottingham Forest,Wolverhampton Wanderers,2,2,D
2024-04-13,Bournemouth,Manchester United,2,2,D
2024-04-13,Manchester City,Luton Town,5,1,H
2024-04-13,Burnley,Brighton and Hove Albion,1,1,D
2024-04-13,Brentford,Sheffield United,2,0,H
2024-04-14,West Ham United,Fulham,0,2,A
2024-04-14,Liverpool,Crystal Palace,0,1,A
2024-04-14,Arsenal,Aston Villa,0,2,A
2024-04-15,Chelsea,Everton,6,0,H
2024-04-20,Sheffield United,Burnley,1,4,A
2024-04-20,Luton Town,Brentford,1,5,A
2024-04-20,Wolverhampton Wanderers,Arsenal,0,2,A
2024-04-21,Everton,Nottingham Forest,2,0,H
2024-04-21,Fulham,Liverpool,1,3,A
2024-04-21,Aston Villa,Bournemouth,3,1,H
2024-04-21,Crystal Palace,West Ham United,5,2,H
2024-04-23,Arsenal,Chelsea,5,0,H
2024-04-24,Wolverhampton Wanderers,Bournemouth,0,1,A
2024-04-24,Everton,Liverpool,2,0,H
2024-04-24,Manchester United,Sheffield United,4,2,H
2024-04-24,Crystal Palace,Newcastle United,2,0,H
2024-04-25,Brighton and Hove Albion,Manchester City,0,4,A
2024-04-27,Everton,Brentford,1,0,H
2024-04-27,West Ham United,Liverpool,2,2,D
2024-04-27,Aston Villa,Chelsea,2,2,D
2024-04-27,Wolverhampton Wanderers,Luton Town,2,1,H
2024-04-27,Newcastle United,Sheffield United,5,1,H
2024-04-27,Fulham,Crystal Palace,1,1,D
2024-04-27,Manchester United,Burnley,1,1,D
2024-04-28,Nottingham Forest,Manchester City,0,2,A
2024-04-28,Tottenham Hotspur,Arsenal,2,3,A
2024-04-28,Bournemouth,Brighton and Hove Albion,3,0,H
2024-05-02,Chelsea,Tottenham Hotspur,2,0,H
2024-05-03,Luton Town,Everton,1,1,D
2024-05-04,Manchester City,Wolverhampton Wanderers,5,1,H
2024-05-04,Arsenal,Bournemouth,3,0,H
2024-05-04,Brentford,Fulham,0,0,D
2024-05-04,Sheffield United,Nottingham Forest,1,3,A
2024-05-04,Burnley,Newcastle United,1,4,A
2024-05-05,Brighton and Hove Albion,Aston Villa,1,0,H
2024-05-05,Chelsea,West Ham United,5,0,H
2024-05-05,Liverpool,Tottenham Hotspur,4,2,H
2024-05-06,Crystal Palace,Manchester United,4,0,H
2024-05-11,Tottenham Hotspur,Burnley,2,1,H
2024-05-11,West Ham United,Luton Town,3,1,H
2024-05-11,Newcastle United,Brighton and Hove Albion,1,1,D
2024-05-11,Wolverhampton Wanderers,Crystal Palace,1,3,A
2024-05-11,Nottingham Forest,Chelsea,2,3,A
2024-05-11,Everton,Sheffield United,1,0,H
2024-05-11,Fulham,Manchester City,0,4,A
2024-05-11,Bournemouth,Brentford,1,2,A
2024-05-12,Manchester United,Arsenal,0,1,A
2024-05-13,Aston Villa,Liverpool,3,3,D
2024-05-14,Tottenham Hotspur,Manchester City,0,2,A
2024-05-15,Brighton and Hove Albion,Chelsea,1,2,A
2024-05-15,Manchester United,Newcastle United,3,2,H
2024-05-19,Brentford,Newcastle United,2,4,A
2024-05-19,Manchester City,West Ham United,3,1,H
2024-05-19,Liverpool,Wolverhampton Wanderers,2,0,H
2024-05-19,Chelsea,Bournemouth,2,1,H
2024-05-19,Burnley,Nottingham Forest,1,2,A
2024-05-19,Luton Town,Fulham,2,4,A
2024-05-19,Arsenal,Everton,2,1,H
2024-05-19,Sheffield United,Tottenham Hotspur,0,3,A
2024-05-19,Crystal Palace,Aston Villa,5,0,H
2024-05-19,Brighton and Hove Albion,Manchester United,0,2,A
